ar_noaanum,date,stony_lon,lat,carr_lon,carr_lat,n
14399,2026-03-28 00:00:00+00:00,9.124478,-16.738155,-115.476162,-16.738155,1
14399,2026-03-29 00:00:00+00:00,15.645408,-16.748753,-115.550152,-16.748753,7
14399,2026-03-30 00:00:00+00:00,28.674852,-16.542166,-115.711138,-16.542166,7
14399,2026-03-31 00:00:00+00:00,41.864285,-16.328228,-115.77945499999998,-16.328228,7
14399,2026-04-01 00:00:00+00:00,53.9733385,-16.3168815,-115.6778215,-16.3168815,6
14401,2026-03-28 00:00:00+00:00,8.489506,22.24888,-116.111134,22.24888,1
14401,2026-03-29 00:00:00+00:00,15.0,22.145555,-116.3614,22.145555,7
14401,2026-03-30 00:00:00+00:00,27.886423,21.77344,-116.49956699999998,21.77344,7
14401,2026-03-31 00:00:00+00:00,40.810154,21.811474,-116.76856700000002,21.811474,7
14401,2026-04-01 00:00:00+00:00,54.378095,22.0249875,-117.40362400000001,22.0249875,6
14402,2026-03-29 00:00:00+00:00,4.0,19.0,-122.79893,19.0,1
14402,2026-03-30 00:00:00+00:00,18.0,18.0,-121.9891,18.0,1
14402,2026-03-31 00:00:00+00:00,32.0,19.0,-121.18004,19.0,1
14402,2026-04-01 00:00:00+00:00,41.0,19.0,-125.37176,19.0,1
14402,2026-04-02 00:00:00+00:00,57.0,19.0,-122.56426,19.0,1
14403,2026-03-28 00:00:00+00:00,-27.803276,15.21637,-152.403916,15.21637,1
14403,2026-03-29 00:00:00+00:00,-20.97365,15.157944,-152.286511,15.157944,7
14403,2026-03-30 00:00:00+00:00,-8.126435,15.025013,-152.505236,15.025013,7
14403,2026-03-31 00:00:00+00:00,5.065888,15.059026,-152.544033,15.059026,7
14403,2026-04-01 00:00:00+00:00,18.620913,14.992207,-152.370645,14.992207,7
14403,2026-04-02 00:00:00+00:00,31.423672,14.856953,-152.860155,14.856953,7
14403,2026-04-03 00:00:00+00:00,42.66053,14.791278,-154.49496,14.791278,7
14403,2026-04-04 00:00:00+00:00,54.552383,14.686013,-155.75075500000003,14.686013,5
14404,2026-03-29 00:00:00+00:00,-46.0,14.0,-172.79893,14.0,1
14404,2026-03-30 00:00:00+00:00,-33.0,14.0,-172.9891,14.0,1
14404,2026-03-31 00:00:00+00:00,-21.0,15.0,-174.18004,15.0,1
14404,2026-04-01 00:00:00+00:00,-6.0,15.0,-172.37176,15.0,1
14404,2026-04-02 00:00:00+00:00,7.0,15.0,-172.56426,15.0,1
14404,2026-04-03 00:00:00+00:00,21.0,13.0,-171.75755,13.0,1
14404,2026-04-05 00:00:00+00:00,47.0,13.0,-172.14651,13.0,2
14404,2026-04-06 00:00:00+00:00,60.0,13.0,-172.34219000000002,13.0,1
14405,2026-03-28 00:00:00+00:00,-57.778774,-26.02163,177.620586,-26.02163,1
14405,2026-03-29 00:00:00+00:00,-51.477516,-26.09628,177.326924,-26.09628,7
14405,2026-03-30 00:00:00+00:00,-39.130604,-26.464605,176.28742499999998,-26.464605,7
14405,2026-03-31 00:00:00+00:00,-27.14305,-26.949326,175.209473,-26.949326,7
14405,2026-04-01 00:00:00+00:00,-14.509607,-27.279278,174.721223,-27.279278,7
14405,2026-04-02 00:00:00+00:00,-2.059384,-27.637299,173.978676,-27.637299,7
14405,2026-04-03 00:00:00+00:00,10.55101,-27.930897,173.39552,-27.930897,7
14405,2026-04-04 00:00:00+00:00,25.247301,-28.210356,172.595421,-28.210356,7
14405,2026-04-05 00:00:00+00:00,33.261894,-28.612078,171.916154,-28.612078,9
14405,2026-04-06 00:00:00+00:00,46.517284,-29.616968,169.776354,-29.616968,7
14405,2026-04-07 00:00:00+00:00,57.465588,-30.390074,168.113648,-30.390074,5
14406,2026-03-28 00:00:00+00:00,-53.357296,13.121849,-177.957936,13.121849,1
14406,2026-03-29 00:00:00+00:00,-47.334064,13.402084,-178.529624,13.402084,7
14406,2026-03-30 00:00:00+00:00,-33.84853,13.664291,-178.336,13.664291,7
14406,2026-03-31 00:00:00+00:00,-21.412584,13.647651,-178.856,13.647651,7
14406,2026-04-01 00:00:00+00:00,-8.030087,13.453231,-178.660698,13.453231,7
14406,2026-04-02 00:00:00+00:00,5.155049,13.415011,-178.738663,13.415011,7
14406,2026-04-03 00:00:00+00:00,17.66771,13.545783,-179.19066,13.545783,7
14406,2026-04-04 00:00:00+00:00,32.738556,13.371663,-179.277245,13.371663,7
14406,2026-04-05 00:00:00+00:00,41.0,13.180387,179.09349999999998,13.180387,9
14406,2026-04-06 00:00:00+00:00,55.0,12.743166,-177.34219000000002,12.743166,5
14407,2026-03-29 00:00:00+00:00,-56.0,17.0,177.20107,17.0,1
14407,2026-03-30 00:00:00+00:00,-45.0,18.0,175.0109,18.0,1
14407,2026-03-31 00:00:00+00:00,-31.0,17.0,175.81996,17.0,1
14407,2026-04-01 00:00:00+00:00,-17.0,17.0,176.62824,17.0,1
14408,2026-03-31 00:00:00+00:00,-51.0,8.0,155.81996,8.0,1
14408,2026-04-01 00:00:00+00:00,-38.0,8.0,155.62824,8.0,1
14408,2026-04-02 00:00:00+00:00,-24.0,8.0,156.43574,8.0,1
14408,2026-04-03 00:00:00+00:00,-11.0,8.0,156.24245,8.0,1
14408,2026-04-05 00:00:00+00:00,15.0,8.0,155.85349,8.0,2
14408,2026-04-06 00:00:00+00:00,28.0,8.0,155.65780999999998,8.0,1
14408,2026-04-07 00:00:00+00:00,42.0,8.0,156.46132,8.0,1
14408,2026-04-08 00:00:00+00:00,56.0,8.0,157.26403,8.0,1
14409,2026-03-30 00:00:00+00:00,-56.891617,6.730597,154.444068,6.730597,3
14409,2026-03-31 00:00:00+00:00,-48.123306,6.69135,154.41279,6.69135,7
14409,2026-04-01 00:00:00+00:00,-35.0549,5.555205,154.175912,5.555205,7
14409,2026-04-02 00:00:00+00:00,-22.1056,4.458286,153.961476,4.458286,7
14409,2026-04-03 00:00:00+00:00,-8.521079,3.871656,154.32343100000003,3.871656,7
14409,2026-04-04 00:00:00+00:00,8.054887,3.732012,155.505907,3.732012,7
14409,2026-04-05 00:00:00+00:00,17.390696,3.438385,156.04495599999998,3.438385,9
14409,2026-04-06 00:00:00+00:00,33.893856,3.066326,157.15292599999998,3.066326,7
14409,2026-04-07 00:00:00+00:00,47.72919,3.2123,157.79149999999998,3.2123,7
14409,2026-04-08 00:00:00+00:00,57.010006,2.686223,158.274036,2.686223,3
14410,2026-03-31 00:00:00+00:00,59.255978,10.274753,-105.356842,10.274753,1
14411,2026-04-02 00:00:00+00:00,-54.676196,-7.4783405,115.64475400000002,-7.4783405,2
14411,2026-04-03 00:00:00+00:00,-50.302616,-7.091664,116.939834,-7.091664,11
14411,2026-04-04 00:00:00+00:00,-38.6802405,-7.2390695,110.8517335,-7.2390695,14
14411,2026-04-05 00:00:00+00:00,-25.7754485,-7.098574,107.85349,-7.098574,16
14411,2026-04-06 00:00:00+00:00,-11.9644875,-6.93399,111.1835385,-6.93399,12
14411,2026-04-07 00:00:00+00:00,0.427507,-6.840484,109.46132,-6.840484,13
14411,2026-04-08 00:00:00+00:00,15.5860315,-6.703818,110.88130000000001,-6.703818,12
14411,2026-04-09 00:00:00+00:00,28.525621,-6.5332685,110.869662,-6.5332685,12
14411,2026-04-10 00:00:00+00:00,44.017815,-5.861084,116.719047,-5.861084,9
14411,2026-04-11 00:00:00+00:00,58.090042,-6.716195,119.757331,-6.716195,1
14412,2026-04-05 00:00:00+00:00,-16.729553,9.5701155,118.6370975,9.5701155,6
14412,2026-04-06 00:00:00+00:00,-5.28118,10.098141,118.041593,10.098141,7
14412,2026-04-07 00:00:00+00:00,8.112791,10.041207,118.182187,10.041207,7
14412,2026-04-08 00:00:00+00:00,21.601433,10.0,118.328439,10.0,7
14412,2026-04-09 00:00:00+00:00,35.981573499999996,9.629547500000001,118.5566595,9.629547500000001,6
14412,2026-04-10 00:00:00+00:00,47.2422215,9.6272755,118.877431,9.6272755,4
14413,2026-04-08 00:00:00+00:00,60.0,8.0,161.26403,8.0,1
14414,2026-04-09 00:00:00+00:00,-56.106454,15.981908,24.310589999999998,15.981908,4
14414,2026-04-10 00:00:00+00:00,-46.610355,16.29725,23.856842,16.29725,7
14414,2026-04-11 00:00:00+00:00,-31.562948,16.749199,23.448802,16.749199,7
14414,2026-04-12 00:00:00+00:00,-22.854725,17.037062,23.411855,17.037062,9
14414,2026-04-13 00:00:00+00:00,-6.570621,17.567712,23.1939645,17.567712,6
14414,2026-04-14 00:00:00+00:00,6.661671,17.908915,23.268193,17.908915,6
14414,2026-04-15 00:00:00+00:00,20.037153,18.0625455,23.3509014745,18.0625455,6
14414,2026-04-16 00:00:00+00:00,33.594994,18.168297000000003,23.74960900000002,18.168297000000003,6
14414,2026-04-17 00:00:00+00:00,47.7643415,17.993972,24.513026999999994,17.993972,6
14414,2026-04-18 00:00:00+00:00,57.3355105,17.808849000000002,25.4814255,17.808849000000002,2
14415,2026-04-10 00:00:00+00:00,-55.163399,-18.267732,14.210013,-18.267732,6
14415,2026-04-11 00:00:00+00:00,-40.964268,-18.3319,14.168624,-18.3319,7
14415,2026-04-12 00:00:00+00:00,-31.527338,-18.267197,14.669630000000003,-18.267197,9
14415,2026-04-13 00:00:00+00:00,-16.06046,-18.17884,14.828197,-18.17884,7
14415,2026-04-14 00:00:00+00:00,-3.216366,-18.187399,14.398394,-18.187399,7
14415,2026-04-15 00:00:00+00:00,9.846235,-18.333668,14.2089198,-18.333668,7
14415,2026-04-16 00:00:00+00:00,22.947773,-18.442497,14.22092200000003,-18.442497,7
14415,2026-04-17 00:00:00+00:00,36.17961,-18.39844,14.229720000000045,-18.39844,7
14415,2026-04-18 00:00:00+00:00,51.91292,-18.442055,14.479665999999952,-18.442055,7
14415,2026-04-19 00:00:00+00:00,58.392776,-18.422499,14.43295599999999,-18.422499,2
14416,2026-04-07 00:00:00+00:00,-56.1341465,15.965036999999999,48.429278499999995,15.965036999999999,2
14416,2026-04-08 00:00:00+00:00,-48.3818435,17.8462855,47.3830725,17.8462855,6
14416,2026-04-09 00:00:00+00:00,-34.758545,17.720423,47.804927000000006,17.720423,6
14416,2026-04-10 00:00:00+00:00,-21.43344,18.486993,47.9190525,18.486993,6
14416,2026-04-11 00:00:00+00:00,-7.284748,19.069983,47.782373,19.069983,7
14416,2026-04-12 00:00:00+00:00,1.064394,18.983295,47.330974,18.983295,9
14416,2026-04-13 00:00:00+00:00,16.229757,19.158707,47.015698,19.158707,7
14416,2026-04-14 00:00:00+00:00,29.244753,19.391909,46.858577,19.391909,7
14416,2026-04-15 00:00:00+00:00,42.283207,19.588268,46.7422696,19.588268,7
14416,2026-04-16 00:00:00+00:00,54.316871500000005,19.904032,46.67302849999999,19.904032,6
14416,2026-04-17 00:00:00+00:00,50.0,20.0,32.45182999999997,20.0,1
14418,2026-04-12 00:00:00+00:00,-22.412893,-11.074013,15.162796499999999,-11.074013,2
14418,2026-04-13 00:00:00+00:00,-13.789683,-10.9326065,15.9749025,-10.9326065,6
14418,2026-04-14 00:00:00+00:00,-1.764782,-11.0,15.881847,-11.0,7
14418,2026-04-15 00:00:00+00:00,11.27152,-11.141793,15.730582600000002,-11.141793,7
14418,2026-04-16 00:00:00+00:00,25.542759,-11.3151775,15.892191499999996,-11.3151775,6
14418,2026-04-17 00:00:00+00:00,35.57448,-11.525047,15.82546000000002,-11.525047,3
14419,2026-04-14 00:00:00+00:00,-58.1102925,13.040017500000001,-45.9492345,13.040017500000001,2
14419,2026-04-15 00:00:00+00:00,-49.963673,13.218993,-45.5046104,13.218993,7
14419,2026-04-16 00:00:00+00:00,-36.564312,13.322818,-45.44370000000004,13.322818,7
14419,2026-04-17 00:00:00+00:00,-23.669325,13.527865,-45.79124999999999,13.527865,7
14419,2026-04-18 00:00:00+00:00,-8.938812,13.780546,-46.29542199999997,13.780546,7
14419,2026-04-19 00:00:00+00:00,-0.323294,13.921775,-46.48423399999996,13.921775,9
14419,2026-04-20 00:00:00+00:00,14.702197,14.156165,-46.86719299999999,14.156165,7
14419,2026-04-21 00:00:00+00:00,27.647675,14.030816,-47.12981500000001,14.030816,7
14419,2026-04-22 00:00:00+00:00,38.01762,13.596325,-47.64099399999998,13.596325,5
14419,2026-04-23 00:00:00+00:00,53.429173,14.3259095,-46.66608199999999,14.3259095,6
14420,2026-04-20 00:00:00+00:00,-55.300415,23.75943,-118.99544600000002,23.75943,5
14420,2026-04-21 00:00:00+00:00,-53.0978205,18.918554,-128.89916799999997,18.918554,6
14420,2026-04-22 00:00:00+00:00,-45.676502,18.213926,-131.46136199999998,18.213926,5
14420,2026-04-23 00:00:00+00:00,-31.384142,17.851742,-132.58023200000002,17.851742,7
14420,2026-04-24 00:00:00+00:00,-19.032839,17.559692,-133.439419,17.559692,7
14420,2026-04-25 00:00:00+00:00,-4.289441,17.115093,-134.165758,17.115093,7
14420,2026-04-26 00:00:00+00:00,4.075468,17.0,-134.53047600000002,17.0,9
14420,2026-04-27 00:00:00+00:00,19.859585,16.70094,-134.209059,16.70094,7
14420,2026-04-28 00:00:00+00:00,33.118885,16.320896,-134.249747,16.320896,7
14420,2026-04-29 00:00:00+00:00,43.657246,16.079853,-134.518473,16.079853,5
14420,2026-04-30 00:00:00+00:00,56.393427,15.8434655,-134.437058,15.8434655,4
14421,2026-04-23 00:00:00+00:00,-50.00667,-9.223851,-151.34589999999997,-9.223851,7
14421,2026-04-24 00:00:00+00:00,-37.87906,-7.090521,-152.28564,-7.090521,7
14421,2026-04-25 00:00:00+00:00,-22.684258,-7.146464,-152.498898,-7.146464,7
14421,2026-04-26 00:00:00+00:00,-13.552397,-7.33896,-152.318353,-7.33896,9
14421,2026-04-27 00:00:00+00:00,3.0,-7.371053,-152.072585,-7.371053,7
14421,2026-04-28 00:00:00+00:00,17.0,-7.665808,-151.738668,-7.665808,7
14421,2026-04-29 00:00:00+00:00,29.115768,-8.099264,-151.354892,-8.099264,5
14421,2026-04-30 00:00:00+00:00,43.738355,-8.390633000000001,-150.9895905,-8.390633000000001,6
14421,2026-05-01 00:00:00+00:00,56.017906,-8.194496,-150.89789000000002,-8.194496,5
14422,2026-04-22 00:00:00+00:00,30.0,9.0,-53.58334000000002,9.0,1
14422,2026-04-23 00:00:00+00:00,44.0,9.0,-52.79277000000002,9.0,1
14422,2026-04-24 00:00:00+00:00,56.0,8.0,-54.00299999999999,8.0,1
14423,2026-04-26 00:00:00+00:00,-30.0,-5.0,-166.4258,-5.0,2
14423,2026-04-27 00:00:00+00:00,-4.0,-6.0,-153.63836,-6.0,1
14423,2026-04-28 00:00:00+00:00,10.0,-5.0,-152.8517,-5.0,1
14423,2026-04-29 00:00:00+00:00,26.0,-6.0,-150.06579,-6.0,1
14423,2026-04-30 00:00:00+00:00,39.0,-10.0,-150.28064,-10.0,1
14423,2026-05-01 00:00:00+00:00,53.0,-10.0,-149.49624,-10.0,1
14424,2026-04-23 00:00:00+00:00,-57.148056,16.691505,-164.949296,16.691505,1
14424,2026-04-24 00:00:00+00:00,-50.72089,16.885061,-166.22838000000002,16.885061,6
14424,2026-04-25 00:00:00+00:00,-37.628258,17.052849,-167.44806799999998,17.052849,7
14424,2026-04-26 00:00:00+00:00,-29.852015,17.286158,-168.32597,17.286158,9
14424,2026-04-27 00:00:00+00:00,-13.465261,17.209486,-167.507981,17.209486,7
14424,2026-04-28 00:00:00+00:00,0.341546,17.100426,-166.91476400000002,17.100426,7
14424,2026-04-29 00:00:00+00:00,11.648313,17.23781,-166.64692200000002,17.23781,5
14424,2026-04-30 00:00:00+00:00,27.21919,17.127293,-166.47071,17.127293,7
14424,2026-05-01 00:00:00+00:00,40.577755,16.698399,-166.41899,16.698399,7
14424,2026-05-02 00:00:00+00:00,53.61298,16.662828,-166.538886,16.662828,5
14425,2026-04-26 00:00:00+00:00,-54.75201,5.464119,162.15701,5.464119,5
14425,2026-04-27 00:00:00+00:00,-43.64589,5.666532,162.31139,5.666532,7
14425,2026-04-28 00:00:00+00:00,-30.037817,5.761994,162.705873,5.761994,7
14425,2026-04-29 00:00:00+00:00,-19.041693,5.553496,162.69008699999998,5.553496,5
14425,2026-04-30 00:00:00+00:00,-3.325052,5.936409,162.989188,5.936409,7
14425,2026-05-01 00:00:00+00:00,10.24639,6.331898,163.263633,6.331898,7
14425,2026-05-02 00:00:00+00:00,25.258492,5.98088,162.971342,5.98088,7
14425,2026-05-03 00:00:00+00:00,34.010395,5.771353,162.575932,5.771353,9
14425,2026-05-04 00:00:00+00:00,49.15816,5.812449,162.598194,5.812449,7
14425,2026-05-05 00:00:00+00:00,58.13288,5.691833,162.76694,5.691833,1
14426,2026-04-20 00:00:00+00:00,-34.268637,8.512246000000001,-99.1035965,8.512246000000001,4
14426,2026-04-21 00:00:00+00:00,-23.065444,8.417508,-98.94364900000002,8.417508,6
14426,2026-04-22 00:00:00+00:00,-11.1343615,8.141725000000001,-98.01999149999997,8.141725000000001,4
14426,2026-04-23 00:00:00+00:00,1.8353055,8.278575,-98.23916700000001,8.278575,4
14426,2026-04-24 00:00:00+00:00,21.101318499999998,12.055671,-98.8098665,12.055671,2
14426,2026-04-25 00:00:00+00:00,31.044302,11.713985,-98.77592300000003,11.713985,7
14426,2026-04-26 00:00:00+00:00,41.933453,11.678882,-98.89644700000002,11.678882,7
14426,2026-04-27 00:00:00+00:00,52.0,12.284244,-99.35286000000002,12.284244,3
14427,2026-04-26 00:00:00+00:00,-57.65196,-31.032875,157.115557,-31.032875,3
14427,2026-04-27 00:00:00+00:00,-49.679077,-31.78576,156.278203,-31.78576,7
14427,2026-04-28 00:00:00+00:00,-37.615063,-32.47085,155.128627,-32.47085,7
14427,2026-04-29 00:00:00+00:00,-27.0,-32.328945,154.28644200000002,-32.328945,5
14427,2026-04-30 00:00:00+00:00,-13.0,-32.782295,152.644496,-32.782295,7
14427,2026-05-01 00:00:00+00:00,-0.9434944999999999,-32.724950500000006,151.05354549999998,-32.724950500000006,6
14427,2026-05-02 00:00:00+00:00,12.688852,-32.77891,150.33668400000002,-32.77891,7
14427,2026-05-03 00:00:00+00:00,23.64817,-33.17278,149.93347,-33.17278,7
14427,2026-05-04 00:00:00+00:00,37.07022,-33.120367,149.41516,-33.120367,6
14427,2026-05-05 00:00:00+00:00,47.258674,-33.9268065,146.3848175,-33.9268065,6
14427,2026-05-06 00:00:00+00:00,56.715976999999995,-34.314291,144.82592,-34.314291,4
14428,2026-04-25 00:00:00+00:00,-53.189747,-26.196064,174.788473,-26.196064,5
14428,2026-04-26 00:00:00+00:00,-44.939663,-26.150099,174.230437,-26.150099,7
14428,2026-04-27 00:00:00+00:00,-31.747169,-25.86222,173.109006,-25.86222,6
14428,2026-04-28 00:00:00+00:00,-20.711458999999998,-24.511727,170.92478549999998,-24.511727,6
14428,2026-04-29 00:00:00+00:00,-10.780191,-24.0,170.93421,-24.0,5
14428,2026-04-30 00:00:00+00:00,4.266469,-23.66296,170.582255,-23.66296,7
14428,2026-05-01 00:00:00+00:00,17.124516,-23.524166,170.222916,-23.524166,7
14428,2026-05-02 00:00:00+00:00,32.107967,-23.43062,169.786947,-23.43062,7
14428,2026-05-03 00:00:00+00:00,40.708984,-23.311272,169.608668,-23.311272,9
14428,2026-05-04 00:00:00+00:00,54.014038,-23.225203,169.663568,-23.225203,5
14429,2026-04-29 00:00:00+00:00,-58.6379285,-4.9382635,119.79018149999999,-4.9382635,2
14429,2026-04-30 00:00:00+00:00,-43.357074,-4.378439,121.8597335,-4.378439,6
14429,2026-05-01 00:00:00+00:00,-30.142584,-4.220717,122.891674,-4.220717,7
14429,2026-05-02 00:00:00+00:00,-14.689698,-4.493557,122.989282,-4.493557,7
14429,2026-05-03 00:00:00+00:00,-5.601064,-4.439911,123.523106,-4.439911,9
14429,2026-05-04 00:00:00+00:00,10.424491,-4.426902,123.871601,-4.426902,7
14429,2026-05-05 00:00:00+00:00,23.783747,-4.59818,124.077384,-4.59818,7
14429,2026-05-06 00:00:00+00:00,34.914383,-4.629207,124.12597,-4.629207,5
14429,2026-05-07 00:00:00+00:00,50.186737,-4.634453,123.974905,-4.634453,7
14429,2026-05-08 00:00:00+00:00,58.76566,-4.686518,123.740029,-4.686518,1
14430,2026-05-03 00:00:00+00:00,45.0,17.0,176.07036,17.0,2
14430,2026-05-04 00:00:00+00:00,58.0,17.0,175.85257,17.0,1
14431,2026-05-01 00:00:00+00:00,-55.75829,-15.964811,92.961777,-15.964811,3
14431,2026-05-02 00:00:00+00:00,-44.65237,-16.081913,93.10128,-16.081913,7
14431,2026-05-03 00:00:00+00:00,-35.582928,-16.177094,93.28451199999998,-16.177094,9
14431,2026-05-04 00:00:00+00:00,-19.55587,-16.250898,93.89061,-16.250898,7
14431,2026-05-05 00:00:00+00:00,-5.630672,-16.155523,94.58698,-16.155523,7
14431,2026-05-06 00:00:00+00:00,5.905583,-16.0,95.021247,-16.0,5
14431,2026-05-07 00:00:00+00:00,21.329685,-15.962779,95.114574,-15.962779,7
14431,2026-05-08 00:00:00+00:00,34.728893,-15.811882,95.281807,-15.811882,7
14431,2026-05-09 00:00:00+00:00,50.400818,-15.652152,95.53148,-15.652152,7
14431,2026-05-10 00:00:00+00:00,57.370716,-15.688111,95.901904,-15.688111,2
14432,2026-05-02 00:00:00+00:00,-56.09907,12.267013,77.17417999999999,12.267013,3
14432,2026-05-03 00:00:00+00:00,-53.113358,12.364166,77.11207399999999,12.364166,9
14432,2026-05-04 00:00:00+00:00,-35.166954,12.558337,78.171195,12.558337,7
14432,2026-05-05 00:00:00+00:00,-21.744488,12.773284,78.483252,12.773284,7
14432,2026-05-06 00:00:00+00:00,-10.255115,12.910072,79.13779699999999,12.910072,5
14432,2026-05-07 00:00:00+00:00,5.464285,13.134387,79.329287,13.134387,7
14432,2026-05-08 00:00:00+00:00,19.015686,13.326373,79.619564,13.326373,7
14432,2026-05-09 00:00:00+00:00,34.946445,13.301837,80.08867599999999,13.301837,7
14432,2026-05-10 00:00:00+00:00,43.909924,13.388572,80.352392,13.388572,9
14432,2026-05-11 00:00:00+00:00,56.596462,13.553147,80.317992,13.553147,4
14433,2026-05-04 00:00:00+00:00,-58.503350999999995,-16.276795999999997,49.435404000000005,-16.276795999999997,2
14433,2026-05-05 00:00:00+00:00,-50.514946,-16.306955,49.687773,-16.306955,7
14433,2026-05-06 00:00:00+00:00,-39.353962,-16.427649,49.69099599999999,-16.427649,5
14433,2026-05-07 00:00:00+00:00,-24.370201,-16.543663,49.284,-16.543663,7
14433,2026-05-08 00:00:00+00:00,-11.433764,-16.79438,49.070562,-16.79438,7
14433,2026-05-09 00:00:00+00:00,3.549176,-16.936832,48.691407000000005,-16.936832,7
14433,2026-05-10 00:00:00+00:00,12.416275,-17.073513,48.531188,-17.073513,9
14433,2026-05-11 00:00:00+00:00,27.437487,-17.377417,48.338434,-17.377417,7
14433,2026-05-12 00:00:00+00:00,40.52902,-17.457443,48.271459,-17.457443,7
14433,2026-05-13 00:00:00+00:00,53.366243499999996,-17.493689,48.19172499999999,-17.493689,6
14434,2026-05-04 00:00:00+00:00,-57.685253,13.081367,51.355057,13.081367,3
14434,2026-05-05 00:00:00+00:00,-49.706676,13.129277,51.269937,13.129277,7
14434,2026-05-06 00:00:00+00:00,-36.0,13.29112,51.213179,13.29112,5
14434,2026-05-07 00:00:00+00:00,-21.1480205,13.5478775,51.5384365,13.5478775,6
14434,2026-05-08 00:00:00+00:00,-7.534345,13.359361,51.941244499999996,13.359361,6
14434,2026-05-09 00:00:00+00:00,7.05854,13.396953,52.146982,13.396953,7
14434,2026-05-10 00:00:00+00:00,17.78004,13.543086,51.903775,13.543086,7
14434,2026-05-11 00:00:00+00:00,31.738785999999998,13.361538,51.537803,13.361538,6
14434,2026-05-12 00:00:00+00:00,44.554077,13.136069,51.757867,13.136069,3
14435,2026-05-05 00:00:00+00:00,-55.4295365,22.7606515,41.495349000000004,22.7606515,4
14435,2026-05-06 00:00:00+00:00,-47.851055,22.721287,41.386511,22.721287,5
14435,2026-05-07 00:00:00+00:00,-32.719425,22.493122,40.852026,22.493122,7
14435,2026-05-08 00:00:00+00:00,-20.565628,22.56362,40.001729,22.56362,7
14435,2026-05-09 00:00:00+00:00,-5.90896,22.661375,39.233271,22.661375,7
14435,2026-05-10 00:00:00+00:00,2.536365,23.0439,38.863836000000006,23.0439,9
14435,2026-05-11 00:00:00+00:00,17.563562,23.015726,38.464509,23.015726,7
14435,2026-05-12 00:00:00+00:00,30.68319,23.171448,38.288832500000005,23.171448,7
14435,2026-05-13 00:00:00+00:00,43.389774,23.075132,37.86345800000004,23.075132,7
14435,2026-05-14 00:00:00+00:00,55.0,22.15389,37.86937399999999,22.15389,5
14436,2026-05-10 00:00:00+00:00,-57.981541,18.214598000000002,-29.3672245,18.214598000000002,2
14436,2026-05-11 00:00:00+00:00,-50.73013,18.390633,-29.829183000000004,18.390633,7
14436,2026-05-12 00:00:00+00:00,-38.096653,18.36811,-30.419130100000004,18.36811,7
14436,2026-05-13 00:00:00+00:00,-25.335798,18.220734,-30.88232800000003,18.220734,7
14436,2026-05-14 00:00:00+00:00,-12.465465,18.182152,-31.236654999999985,18.182152,7
14436,2026-05-15 00:00:00+00:00,0.321809,18.171951,-31.67464100000001,18.171951,7
14436,2026-05-16 00:00:00+00:00,15.30512,18.229677,-32.06832899999995,18.229677,7
14436,2026-05-17 00:00:00+00:00,26.0,18.317265,-32.08539000000002,18.317265,9
14436,2026-05-18 00:00:00+00:00,39.730824,18.329706,-31.94448,18.329706,7
14436,2026-05-19 00:00:00+00:00,52.9195425,18.417389999999997,-31.08360400000001,18.417389999999997,6
14438,2026-05-12 00:00:00+00:00,12.874905,20.4104725,14.9873809,20.4104725,2
14438,2026-05-13 00:00:00+00:00,22.0926275,19.77556,15.340670000000017,19.77556,6
14438,2026-05-14 00:00:00+00:00,33.905422,20.049967,15.134231999999995,20.049967,7
14438,2026-05-15 00:00:00+00:00,46.3959,20.305841,14.56174999999996,20.305841,7
14438,2026-05-16 00:00:00+00:00,57.691784,20.478523,14.67111,20.478523,3
14439,2026-05-17 00:00:00+00:00,-58.6274755,9.862964,-122.58737049999999,9.862964,2
14439,2026-05-18 00:00:00+00:00,-52.054714,10.540258,-123.730414,10.540258,7
14439,2026-05-19 00:00:00+00:00,-40.70589,11.049815,-125.60912000000002,11.049815,7
14439,2026-05-20 00:00:00+00:00,-30.0,11.588767,-126.87823600000002,11.588767,5
14439,2026-05-21 00:00:00+00:00,-15.0,13.092824,-128.300803,13.092824,7
14439,2026-05-22 00:00:00+00:00,-3.323179,13.631321,-129.671363,13.631321,7
14439,2026-05-23 00:00:00+00:00,9.548485,14.345509,-130.314065,14.345509,7
14439,2026-05-24 00:00:00+00:00,22.178146,14.405487,-130.78011099999998,14.405487,9
14439,2026-05-25 00:00:00+00:00,33.39309,14.691977,-130.88601,14.691977,5
14439,2026-05-26 00:00:00+00:00,45.4952,14.575642,-134.22006,14.575642,5
14439,2026-05-27 00:00:00+00:00,53.145358,13.9550895,-138.698722,13.9550895,6
14439,2026-05-28 00:00:00+00:00,59.58876,13.947166,-139.97384,13.947166,1
14440,2026-05-18 00:00:00+00:00,-57.0,17.0,-124.26664,17.0,1
14440,2026-05-19 00:00:00+00:00,-42.0,17.0,-122.49399,17.0,1
14440,2026-05-20 00:00:00+00:00,-29.0,17.0,-122.72188,17.0,1
14441,2026-05-16 00:00:00+00:00,-30.853089999999998,8.493681,-81.58632499999999,8.493681,4
14441,2026-05-17 00:00:00+00:00,-24.935678,8.118628,-81.17994799999997,8.118628,9
14441,2026-05-18 00:00:00+00:00,-8.316766,7.775026,-79.99246599999998,7.775026,7
14441,2026-05-19 00:00:00+00:00,5.300214,7.482618,-79.49399,7.482618,7
14441,2026-05-20 00:00:00+00:00,17.095634,7.584881,-78.74892999999997,7.584881,5
14441,2026-05-21 00:00:00+00:00,33.263004,7.868159,-78.04325700000004,7.868159,7
14441,2026-05-22 00:00:00+00:00,47.253555,8.174606,-77.17054999999999,8.174606,7
14441,2026-05-23 00:00:00+00:00,58.569868,8.5237275,-75.94122700000003,8.5237275,2
14442,2026-05-17 00:00:00+00:00,-50.094933,-15.621603,-110.748103,-15.621603,5
14442,2026-05-18 00:00:00+00:00,-38.44803,-15.88398,-110.14851499999996,-15.88398,7
14442,2026-05-19 00:00:00+00:00,-25.92464,-16.1893,-110.82787000000002,-16.1893,7
14442,2026-05-20 00:00:00+00:00,-13.8719,-16.3257695,-110.90083000000001,-16.3257695,4
14443,2026-05-18 00:00:00+00:00,-55.046604,-15.3824595,-127.824579,-15.3824595,6
14443,2026-05-19 00:00:00+00:00,-43.066086,-15.6778,-127.969316,-15.6778,7
14443,2026-05-20 00:00:00+00:00,-33.558117,-15.951429,-129.48468700000004,-15.951429,5
14443,2026-05-21 00:00:00+00:00,-18.585423,-15.934819,-129.95029,-15.934819,7
14443,2026-05-22 00:00:00+00:00,-5.533754,-16.078928,-129.95982700000002,-16.078928,7
14443,2026-05-23 00:00:00+00:00,10.328839,-16.075514,-129.76718499999998,-16.075514,7
14443,2026-05-24 00:00:00+00:00,19.10741,-16.129932,-129.698712,-16.129932,9
14443,2026-05-25 00:00:00+00:00,33.3473265,-16.227579,-129.843686,-16.227579,6
14443,2026-05-26 00:00:00+00:00,48.368284,-16.3013535,-130.244371,-16.3013535,6
14443,2026-05-27 00:00:00+00:00,57.0,-16.394527,-130.206506,-16.394527,3
14444,2026-05-22 00:00:00+00:00,-58.361675,-19.523183,171.537105,-19.523183,2
14444,2026-05-23 00:00:00+00:00,-47.993763,-19.168636,171.982727,-19.168636,7
14444,2026-05-24 00:00:00+00:00,-38.0,-18.989721,172.403324,-18.989721,9
14444,2026-05-25 00:00:00+00:00,-23.7658645,-18.4292515,173.063975,-18.4292515,6
14444,2026-05-26 00:00:00+00:00,-8.271774,-18.5024455,172.9988395,-18.5024455,6
14444,2026-05-27 00:00:00+00:00,3.580686,-18.675135,172.611424,-18.675135,7
14444,2026-05-28 00:00:00+00:00,15.999575,-19.252426,171.994707,-19.252426,7
14444,2026-05-29 00:00:00+00:00,28.85872,-19.711914,171.50696,-19.711914,7
14444,2026-05-30 00:00:00+00:00,44.082195,-19.803953,171.366,-19.803953,7
14444,2026-05-31 00:00:00+00:00,48.0,-21.0,168.74003,-21.0,2
14445,2026-05-24 00:00:00+00:00,-48.0,7.0,165.36149,7.0,2
14445,2026-05-25 00:00:00+00:00,-37.0,7.0,163.13113,7.0,1
14445,2026-05-26 00:00:00+00:00,-26.0,7.0,160.90031,7.0,1
14445,2026-05-27 00:00:00+00:00,-11.0,7.0,162.66907,7.0,1
14445,2026-05-28 00:00:00+00:00,2.0,7.0,162.4374,7.0,1
14445,2026-05-29 00:00:00+00:00,15.0,7.0,162.20533,7.0,1
14446,2026-05-25 00:00:00+00:00,-57.614616,-12.994802,138.10628400000002,-12.994802,5
14446,2026-05-26 00:00:00+00:00,-44.376509999999996,-12.776915500000001,136.6019035,-12.776915500000001,6
14446,2026-05-27 00:00:00+00:00,-33.33768,-12.904698,135.585568,-12.904698,7
14446,2026-05-28 00:00:00+00:00,-20.77327,-12.800707,134.992032,-12.800707,7
14446,2026-05-29 00:00:00+00:00,-8.050378,-12.763316,134.60203399999995,-12.763316,7
14446,2026-05-30 00:00:00+00:00,6.306184,-12.809032,133.66267399999998,-12.809032,7
14446,2026-05-31 00:00:00+00:00,21.0,-15.0,141.74003,-15.0,2
14446,2026-06-01 00:00:00+00:00,35.0,-15.0,142.50684,-15.0,1
14446,2026-06-02 00:00:00+00:00,48.0,-15.0,142.273304,-15.0,1
14446,2026-06-03 00:00:00+00:00,60.0,-15.0,141.039445,-15.0,1
14447,2026-05-25 00:00:00+00:00,-23.0,-17.0,177.13113,-17.0,1
14447,2026-05-26 00:00:00+00:00,-11.0,-17.0,175.90031,-17.0,1
14447,2026-05-27 00:00:00+00:00,2.0,-16.0,175.66907,-16.0,1
14447,2026-05-28 00:00:00+00:00,14.0,-17.0,174.4374,-17.0,1
14447,2026-05-29 00:00:00+00:00,28.0,-17.0,175.20533,-17.0,1
14447,2026-05-31 00:00:00+00:00,55.0,-17.0,175.74003,-17.0,2
14448,2026-05-26 00:00:00+00:00,-55.0,-7.0,131.90031,-7.0,1
14448,2026-05-27 00:00:00+00:00,-42.0,-8.0,131.66907,-8.0,1
14448,2026-05-28 00:00:00+00:00,-28.0,-7.0,132.4374,-7.0,1
14448,2026-05-29 00:00:00+00:00,-14.0,-6.0,133.20533,-6.0,1
14449,2026-05-26 00:00:00+00:00,-50.0,-10.0,136.90031,-10.0,1
14449,2026-05-27 00:00:00+00:00,-37.0,-11.0,136.66907,-11.0,1
14449,2026-05-28 00:00:00+00:00,-23.0,-10.0,137.4374,-10.0,1
14449,2026-05-29 00:00:00+00:00,-11.0,-10.0,136.20533,-10.0,1
14449,2026-05-31 00:00:00+00:00,16.0,-9.0,136.74003,-9.0,2
14449,2026-06-01 00:00:00+00:00,30.0,-9.0,137.50684,-9.0,1
14449,2026-06-02 00:00:00+00:00,43.0,-9.0,137.273304,-9.0,1
14450,2026-05-26 00:00:00+00:00,-49.0,10.0,137.90031,10.0,1
14450,2026-05-27 00:00:00+00:00,-36.0,9.0,137.66907,9.0,1
14452,2026-05-21 00:00:00+00:00,-48.8275335,16.381449500000002,-161.4043245,16.381449500000002,6
14452,2026-05-22 00:00:00+00:00,-41.778645,16.63828,-161.95784500000002,16.63828,11
14452,2026-05-23 00:00:00+00:00,-33.114554,12.731791999999999,7.816257000000007,12.731791999999999,14
14452,2026-05-24 00:00:00+00:00,-19.3747305,12.8484595,8.242334499999998,12.8484595,14
14452,2026-05-25 00:00:00+00:00,-7.568562,13.0039995,8.07494650000001,13.0039995,10
14452,2026-05-26 00:00:00+00:00,7.8972595000000005,13.6004525,-164.777739,13.6004525,10
14452,2026-05-27 00:00:00+00:00,17.9918,9.673485,-179.33093,9.673485,13
14452,2026-05-28 00:00:00+00:00,31.541687,9.862,-178.5626,9.862,13
14452,2026-05-29 00:00:00+00:00,44.719837,9.893957,-178.79467,9.893957,13
14452,2026-05-30 00:00:00+00:00,54.223635,10.3468675,-179.38854500000002,10.3468675,8
14454,2026-05-28 00:00:00+00:00,-54.276604,-15.419666,99.51794,-15.419666,5
14454,2026-05-29 00:00:00+00:00,-44.224792,-15.726093,98.56975799999998,-15.726093,7
14454,2026-05-30 00:00:00+00:00,-31.007652,-15.849796,96.400562,-15.849796,7
14454,2026-05-31 00:00:00+00:00,-20.0,-15.0,100.74003,-15.0,2
14454,2026-06-01 00:00:00+00:00,-6.0,-14.0,101.50684,-14.0,1
14454,2026-06-02 00:00:00+00:00,7.0,-15.0,101.273304,-15.0,1
14455,2026-05-29 00:00:00+00:00,-55.650158,14.436534,84.93898199999998,14.436534,5
14455,2026-05-30 00:00:00+00:00,-43.106674,14.379822,84.249816,14.379822,7
14455,2026-05-31 00:00:00+00:00,-38.0,15.0,82.74003,15.0,2
14455,2026-06-01 00:00:00+00:00,-24.0,15.0,83.50684,15.0,1
14455,2026-06-02 00:00:00+00:00,-11.0,15.0,83.273304,15.0,1
14455,2026-06-03 00:00:00+00:00,5.0,13.0,86.039445,13.0,1
14455,2026-06-04 00:00:00+00:00,21.0,14.0,88.805276,14.0,1
14455,2026-06-05 00:00:00+00:00,34.0,15.0,88.57081500000001,15.0,1
14456,2026-05-31 00:00:00+00:00,-56.0,14.0,64.74003,14.0,2
14456,2026-06-07 00:00:00+00:00,34.0,18.0,62.101081,18.0,2
14456,2026-06-08 00:00:00+00:00,48.0,17.0,62.86584,17.0,1
14457,2026-05-31 00:00:00+00:00,0.0,-10.0,120.74003,-10.0,2
14457,2026-06-01 00:00:00+00:00,14.0,-9.0,121.50684,-9.0,1
14457,2026-06-02 00:00:00+00:00,27.0,-9.0,121.273304,-9.0,1
14457,2026-06-03 00:00:00+00:00,40.0,-8.0,121.039445,-8.0,1
14457,2026-06-04 00:00:00+00:00,55.0,-8.0,122.805276,-8.0,1
14458,2026-06-02 00:00:00+00:00,-20.0,-4.0,74.273304,-4.0,1
14458,2026-06-03 00:00:00+00:00,-7.0,-4.0,74.039445,-4.0,1
14458,2026-06-04 00:00:00+00:00,8.0,-5.0,75.805276,-5.0,1
14458,2026-06-05 00:00:00+00:00,21.0,-5.0,75.57081500000001,-5.0,1
14458,2026-06-07 00:00:00+00:00,49.0,-5.0,77.101081,-5.0,2
14459,2026-06-03 00:00:00+00:00,-21.0,14.0,60.039445,14.0,1
14459,2026-06-04 00:00:00+00:00,-36.0,14.0,31.805276000000006,14.0,1
14459,2026-06-05 00:00:00+00:00,-22.0,14.0,32.570815,14.0,1
14459,2026-06-07 00:00:00+00:00,4.0,14.0,32.101081,14.0,2
14459,2026-06-08 00:00:00+00:00,18.0,14.0,32.86584,14.0,1
14459,2026-06-09 00:00:00+00:00,29.0,14.0,30.6303724,14.0,1
14459,2026-06-10 00:00:00+00:00,42.0,14.0,30.394690000000026,14.0,1
14459,2026-06-11 00:00:00+00:00,56.0,14.0,31.15881999999999,14.0,1
14460,2026-05-23 00:00:00+00:00,-55.995664500000004,5.932911,160.29981750000002,5.932911,4
14460,2026-05-24 00:00:00+00:00,-50.312965,7.037333,158.63845500000002,7.037333,7
14460,2026-05-25 00:00:00+00:00,-40.349987,7.473532,155.56368600000002,7.473532,5
14460,2026-05-26 00:00:00+00:00,-26.453217,7.998284,153.831523,7.998284,5
14460,2026-05-27 00:00:00+00:00,-16.044114999999998,8.332992999999998,152.12575800000002,8.332992999999998,6
14460,2026-05-28 00:00:00+00:00,-3.8809810000000002,8.5252065,151.04309899999998,8.5252065,6
14460,2026-05-29 00:00:00+00:00,7.805538500000001,9.0296765,149.5734185,9.0296765,6
14460,2026-05-30 00:00:00+00:00,21.757027,9.384933,149.113517,9.384933,7
14460,2026-06-03 00:00:00+00:00,59.0,22.0,140.039445,22.0,1
14461,2026-06-04 00:00:00+00:00,-59.0,-21.0,8.805276000000006,-21.0,1
14461,2026-06-05 00:00:00+00:00,-45.0,-21.0,9.570815000000003,-21.0,1
14461,2026-06-07 00:00:00+00:00,-18.0,-21.0,10.101081,-21.0,2
14461,2026-06-08 00:00:00+00:00,-5.0,-21.0,9.86584,-21.0,1
14462,2026-06-04 00:00:00+00:00,-60.0,17.0,7.805276000000006,17.0,1
14462,2026-06-05 00:00:00+00:00,-47.0,17.0,7.570815000000003,17.0,1
14462,2026-06-07 00:00:00+00:00,-19.0,16.0,9.101081,16.0,2
14462,2026-06-08 00:00:00+00:00,-5.0,15.0,9.86584,15.0,1
14462,2026-06-09 00:00:00+00:00,7.0,15.0,8.6303724,15.0,1
14462,2026-06-10 00:00:00+00:00,21.0,16.0,9.394690000000026,16.0,1
14462,2026-06-11 00:00:00+00:00,35.0,16.0,10.158819999999992,16.0,1
14462,2026-06-12 00:00:00+00:00,50.0,15.0,11.922770000000014,15.0,1
14463,2026-06-07 00:00:00+00:00,-51.0,17.0,-22.898919,17.0,2
14463,2026-06-08 00:00:00+00:00,-37.0,17.0,-22.13416,17.0,1
14463,2026-06-09 00:00:00+00:00,-24.0,17.0,-22.3696276,17.0,1
14463,2026-06-10 00:00:00+00:00,-10.0,16.0,-21.60530999999997,16.0,1
14463,2026-06-11 00:00:00+00:00,4.0,16.0,-20.84118000000001,16.0,1
14463,2026-06-12 00:00:00+00:00,15.0,17.0,-23.077229999999982,17.0,1
14463,2026-06-14 00:00:00+00:00,41.0,17.0,-23.549789999999973,17.0,2
14463,2026-06-15 00:00:00+00:00,55.0,17.0,-22.78627,17.0,1
14464,2026-06-07 00:00:00+00:00,-52.0,-12.0,-23.898919,-12.0,2
14464,2026-06-08 00:00:00+00:00,-38.0,-12.0,-23.13416,-12.0,1
14464,2026-06-09 00:00:00+00:00,-24.0,-12.0,-22.3696276,-12.0,1
14464,2026-06-10 00:00:00+00:00,-11.0,-12.0,-22.60530999999997,-12.0,1
14464,2026-06-11 00:00:00+00:00,3.0,-12.0,-21.84118000000001,-12.0,1
14464,2026-06-12 00:00:00+00:00,16.0,-12.0,-22.077229999999982,-12.0,1
14464,2026-06-14 00:00:00+00:00,44.0,-13.0,-20.549789999999973,-13.0,2
14464,2026-06-15 00:00:00+00:00,56.0,-14.0,-21.78627,-14.0,1
14465,2026-06-10 00:00:00+00:00,-54.0,9.0,-65.60530999999997,9.0,1
14465,2026-06-11 00:00:00+00:00,-40.0,9.0,-64.84118000000001,9.0,1
14465,2026-06-12 00:00:00+00:00,-30.0,9.0,-68.07722999999999,9.0,1
14465,2026-06-14 00:00:00+00:00,-4.0,8.0,-68.54978999999997,8.0,2
14465,2026-06-15 00:00:00+00:00,11.0,8.0,-66.78627,8.0,1
14465,2026-06-16 00:00:00+00:00,24.0,8.0,-67.02285999999998,8.0,1
14465,2026-06-17 00:00:00+00:00,35.0,7.0,-69.25954999999999,7.0,1
14465,2026-06-18 00:00:00+00:00,49.0,7.0,-68.49631,7.0,1
14466,2026-06-10 00:00:00+00:00,16.0,6.0,4.394690000000026,6.0,1
14466,2026-06-11 00:00:00+00:00,31.0,6.0,6.158819999999992,6.0,1
14466,2026-06-12 00:00:00+00:00,47.0,6.0,8.922770000000014,6.0,1
14468,2026-06-15 00:00:00+00:00,-39.0,10.0,-116.78627,10.0,1
14468,2026-06-16 00:00:00+00:00,-25.0,11.0,-116.02285999999998,11.0,1
14469,2026-06-16 00:00:00+00:00,-20.0,-16.0,-111.02285999999998,-16.0,1
14469,2026-06-17 00:00:00+00:00,-8.0,-16.0,-112.25955,-16.0,1
14469,2026-06-18 00:00:00+00:00,6.0,-16.0,-111.49631,-16.0,1
14470,2026-06-18 00:00:00+00:00,-54.0,7.0,-171.49631,7.0,1
14470,2026-06-19 00:00:00+00:00,-40.0,7.0,-170.73314,7.0,1
14470,2026-06-21 00:00:00+00:00,-14.0,8.0,-171.20691,8.0,2
14470,2026-06-22 00:00:00+00:00,-2.0,7.0,-172.44382,7.0,1
14470,2026-06-23 00:00:00+00:00,12.0,7.0,-171.68073,7.0,1
14470,2026-06-24 00:00:00+00:00,24.0,7.0,-172.91762,7.0,1
14470,2026-06-25 00:00:00+00:00,38.0,7.0,-172.15447,7.0,1
14470,2026-06-26 00:00:00+00:00,52.0,8.0,-171.39127,8.0,1
14471,2026-06-19 00:00:00+00:00,-11.0,18.0,-141.73314,18.0,1
14471,2026-06-21 00:00:00+00:00,17.0,19.0,-140.20691,19.0,2
14472,2026-06-21 00:00:00+00:00,-54.0,-14.0,148.79309,-14.0,2
14472,2026-06-22 00:00:00+00:00,-42.0,-14.0,147.55618,-14.0,1
14472,2026-06-23 00:00:00+00:00,-28.0,-14.0,148.31927,-14.0,1
14472,2026-06-24 00:00:00+00:00,-15.0,-14.0,148.08238,-14.0,1
14472,2026-06-25 00:00:00+00:00,-2.0,-15.0,147.84553,-15.0,1
14473,2026-06-22 00:00:00+00:00,-56.0,-8.0,133.55618,-8.0,1
14473,2026-06-23 00:00:00+00:00,-40.0,-9.0,136.31927,-9.0,1
14473,2026-06-24 00:00:00+00:00,-26.0,-9.0,137.08238,-9.0,1
14473,2026-06-25 00:00:00+00:00,-13.0,-9.0,136.84553,-9.0,1
14473,2026-06-26 00:00:00+00:00,4.0,-7.0,140.60873,-7.0,1
14475,2026-06-23 00:00:00+00:00,-51.0,-9.0,125.31927,-9.0,1
14475,2026-06-24 00:00:00+00:00,-38.0,-9.0,125.08238,-9.0,1
14475,2026-06-25 00:00:00+00:00,-21.0,-9.0,128.84553,-9.0,1
14475,2026-06-26 00:00:00+00:00,-7.0,-9.0,129.60873,-9.0,1
14475,2026-06-28 00:00:00+00:00,19.0,-10.0,129.13534,-10.0,2
14475,2026-06-29 00:00:00+00:00,33.0,-10.0,129.89878199999998,-10.0,1
14475,2026-06-30 00:00:00+00:00,49.0,-9.0,132.662338,-9.0,1
14476,2026-06-24 00:00:00+00:00,-11.0,8.0,152.08238,8.0,1
14476,2026-06-25 00:00:00+00:00,3.0,8.0,152.84553,8.0,1
14476,2026-06-26 00:00:00+00:00,16.0,8.0,152.60873,8.0,1
14476,2026-06-28 00:00:00+00:00,44.0,8.0,154.13534,8.0,2
14476,2026-06-29 00:00:00+00:00,58.0,8.0,154.89878199999998,8.0,1
14477,2026-06-25 00:00:00+00:00,-56.0,-13.0,93.84553,-13.0,1
14477,2026-06-26 00:00:00+00:00,-41.0,-13.0,95.60873,-13.0,1
14477,2026-06-28 00:00:00+00:00,-13.0,-15.0,97.13534,-15.0,2
14477,2026-06-29 00:00:00+00:00,0.0,-14.0,96.898782,-14.0,1
14477,2026-06-30 00:00:00+00:00,15.0,-14.0,98.662338,-14.0,1
14477,2026-07-01 00:00:00+00:00,31.0,-14.0,101.426022,-14.0,1
14478,2026-06-28 00:00:00+00:00,-33.0,-6.0,77.13534,-6.0,2
14478,2026-06-29 00:00:00+00:00,-20.0,-6.0,76.898782,-6.0,1
14478,2026-06-30 00:00:00+00:00,-8.0,-5.0,75.662338,-5.0,1
14478,2026-07-01 00:00:00+00:00,6.0,-5.0,76.426022,-5.0,1
14478,2026-07-02 00:00:00+00:00,20.0,-5.0,77.189848,-5.0,1
14478,2026-07-03 00:00:00+00:00,33.0,-5.0,76.953832,-5.0,1
14478,2026-07-05 00:00:00+00:00,59.0,-6.0,76.482329,-6.0,2
14479,2026-06-25 00:00:00+00:00,-58.0,14.0,91.84553,14.0,1
14479,2026-06-26 00:00:00+00:00,-45.0,16.0,91.60873,16.0,1
14479,2026-06-28 00:00:00+00:00,-16.0,15.0,94.13534,15.0,2
14479,2026-06-29 00:00:00+00:00,-2.0,16.0,94.898782,16.0,1
14479,2026-06-30 00:00:00+00:00,10.0,16.0,93.662338,16.0,1
14479,2026-07-01 00:00:00+00:00,24.0,16.0,94.426022,16.0,1
14479,2026-07-02 00:00:00+00:00,38.0,17.0,95.189848,17.0,1
14479,2026-07-03 00:00:00+00:00,52.0,17.0,95.953832,17.0,1
14480,2026-06-28 00:00:00+00:00,-7.0,-18.0,103.13534,-18.0,2
14480,2026-06-29 00:00:00+00:00,5.0,-18.0,101.898782,-18.0,1
14480,2026-06-30 00:00:00+00:00,17.0,-18.0,100.662338,-18.0,1
14480,2026-07-01 00:00:00+00:00,30.0,-18.0,100.426022,-18.0,1
14480,2026-07-02 00:00:00+00:00,43.0,-16.0,100.189848,-16.0,1
14480,2026-07-03 00:00:00+00:00,56.0,-16.0,99.953832,-16.0,1
14481,2026-07-05 00:00:00+00:00,-47.0,14.0,-29.517671,14.0,2
14481,2026-07-06 00:00:00+00:00,-33.0,14.0,-28.7531302,14.0,1
14481,2026-07-07 00:00:00+00:00,-20.0,14.0,-28.988380000000006,14.0,1
14481,2026-07-08 00:00:00+00:00,-7.0,14.0,-29.223389999999995,14.0,1
14481,2026-07-09 00:00:00+00:00,6.0,14.0,-29.45817,14.0,1
14482,2026-07-07 00:00:00+00:00,-54.0,-9.0,-62.98838000000001,-9.0,1
14482,2026-07-08 00:00:00+00:00,-40.0,-9.0,-62.22339,-9.0,1
14482,2026-07-09 00:00:00+00:00,-27.0,-9.0,-62.45817,-9.0,1
14483,2026-07-06 00:00:00+00:00,29.0,-7.0,33.2468698,-7.0,1
14484,2026-07-06 00:00:00+00:00,-5.0,14.0,-0.7531302,14.0,1
14485,2026-07-06 00:00:00+00:00,-13.0,-9.0,-8.753130200000001,-9.0,1
14485,2026-07-07 00:00:00+00:00,1.0,-11.0,-7.988380000000006,-11.0,1
14485,2026-07-08 00:00:00+00:00,15.0,-11.0,-7.223389999999995,-11.0,1
14485,2026-07-09 00:00:00+00:00,28.0,-10.0,-7.458169999999996,-10.0,1
14486,2026-07-09 00:00:00+00:00,57.0,-18.0,21.541830000000004,-18.0,1
14487,2026-07-09 00:00:00+00:00,-26.0,9.0,-61.45817,9.0,1
